date,index,air
2014-12-31,0,299.9700012207031
2015-01-01,1,301.45001220703125
2015-01-02,2,301.20001220703125
2015-01-03,3,301.70001220703125
2015-01-04,4,300.6499938964844
2015-01-05,5,300.7200012207031
2015-01-06,6,300.91998291015625
2015-01-07,7,301.25
2015-01-08,8,301.52001953125
2015-01-09,9,301.07000732421875
2015-01-10,10,302.27001953125
2015-01-11,11,302.3999938964844
2015-01-12,12,302.3999938964844
2015-01-13,13,300.7799987792969
2015-01-14,14,301.0
2015-01-15,15,301.79998779296875
2015-01-16,16,301.3599853515625
2015-01-17,17,301.29998779296875
2015-01-18,18,301.6199951171875
2015-01-19,19,301.7200012207031
2015-01-20,20,300.1199951171875
2015-01-21,21,300.82000732421875
2015-01-22,22,300.75
2015-01-23,23,301.1499938964844
2015-01-24,24,301.2200012207031
2015-01-25,25,301.3999938964844
2015-01-26,26,302.33001708984375
2015-01-27,27,301.6099853515625
2015-01-28,28,301.2200012207031
2015-01-29,29,301.07000732421875
2015-01-30,30,301.3599853515625
2015-01-31,31,301.17999267578125
2015-02-01,32,300.7200012207031
2015-02-02,33,299.91998291015625
2015-02-03,34,300.02001953125
2015-02-04,35,300.5999755859375
2015-02-05,36,300.3999938964844
2015-02-06,37,301.67999267578125
2015-02-07,38,300.79998779296875
2015-02-08,39,301.2799987792969
2015-02-09,40,301.8999938964844
2015-02-10,41,301.33001708984375
2015-02-11,42,301.27001953125
2015-02-12,43,301.2200012207031
2015-02-13,44,301.58001708984375
2015-02-14,45,301.02001953125
2015-02-15,46,301.75
2015-02-16,47,300.4700012207031
2015-02-17,48,300.8999938964844
2015-02-18,49,300.8999938964844
2015-02-19,50,300.8499755859375
2015-02-20,51,301.29998779296875
2015-02-21,52,301.52001953125
2015-02-22,53,301.6199951171875
2015-02-23,54,301.3699951171875
2015-02-24,55,300.70001220703125
2015-02-25,56,301.83001708984375
2015-02-26,57,301.02001953125
2015-02-27,58,301.04998779296875
2015-02-28,59,300.8999938964844
2015-03-01,60,300.1499938964844
2015-03-02,61,301.0
2015-03-03,62,300.95001220703125
2015-03-04,63,301.58001708984375
2015-03-05,64,302.17999267578125
2015-03-06,65,301.5
2015-03-07,66,301.7799987792969
2015-03-08,67,301.52001953125
2015-03-09,68,301.8599853515625
2015-03-10,69,301.52001953125
2015-03-11,70,302.02001953125
2015-03-12,71,301.6199951171875
2015-03-13,72,301.67999267578125
2015-03-14,73,301.2200012207031
2015-03-15,74,301.6199951171875
2015-03-16,75,301.6199951171875
2015-03-17,76,301.29998779296875
2015-03-18,77,300.82000732421875
2015-03-19,78,301.17999267578125
2015-03-20,79,301.1499938964844
2015-03-21,80,300.82000732421875
2015-03-22,81,300.6199951171875
2015-03-23,82,301.17999267578125
2015-03-24,83,300.57000732421875
2015-03-25,84,301.41998291015625
2015-03-26,85,301.5
2015-03-27,86,301.20001220703125
2015-03-28,87,301.5
2015-03-29,88,301.75
2015-03-30,89,301.79998779296875
2015-03-31,90,301.3599853515625
2015-04-01,91,301.6099853515625
2015-04-02,92,301.83001708984375
2015-04-03,93,302.52001953125
2015-04-04,94,301.8900146484375
2015-04-05,95,301.8900146484375
2015-04-06,96,301.6099853515625
2015-04-07,97,301.79998779296875
2015-04-08,98,301.79998779296875
2015-04-09,99,301.67999267578125
2015-04-10,100,301.58001708984375
2015-04-11,101,301.25
2015-04-12,102,301.25
2015-04-13,103,301.4700012207031
2015-04-14,104,300.97998046875
2015-04-15,105,299.8800048828125
2015-04-16,106,300.5999755859375
2015-04-17,107,301.02001953125
2015-04-18,108,301.45001220703125
2015-04-19,109,301.79998779296875
2015-04-20,110,301.6199951171875
2015-04-21,111,301.6099853515625
2015-04-22,112,301.8599853515625
2015-04-23,113,302.1099853515625
2015-04-24,114,301.8999938964844
2015-04-25,115,301.3999938964844
2015-04-26,116,301.52001953125
2015-04-27,117,301.67999267578125
2015-04-28,118,301.41998291015625
2015-04-29,119,301.54998779296875
2015-04-30,120,301.5
2015-05-01,121,301.8599853515625
2015-05-02,122,301.1499938964844
2015-05-03,123,301.45001220703125
2015-05-04,124,301.3900146484375
2015-05-05,125,301.33001708984375
2015-05-06,126,300.82000732421875
2015-05-07,127,301.3900146484375
2015-05-08,128,300.4700012207031
2015-05-09,129,300.5999755859375
2015-05-10,130,301.67999267578125
2015-05-11,131,302.8599853515625
2015-05-12,132,302.8599853515625
2015-05-13,133,301.91998291015625
2015-05-14,134,301.8900146484375
2015-05-15,135,301.52001953125
2015-05-16,136,301.9700012207031
2015-05-17,137,302.04998779296875
2015-05-18,138,301.1199951171875
2015-05-19,139,301.07000732421875
2015-05-20,140,302.1499938964844
2015-05-21,141,301.22998046875
2015-05-22,142,301.6199951171875
2015-05-23,143,302.22998046875
2015-05-24,144,301.6499938964844
2015-05-25,145,301.4700012207031
2015-05-26,146,300.8999938964844
2015-05-27,147,301.3999938964844
2015-05-28,148,300.1499938964844
2015-05-29,149,300.52001953125
2015-05-30,150,300.04998779296875
2015-05-31,151,301.0
2015-06-01,152,301.2799987792969
2015-06-02,153,301.1199951171875
2015-06-03,154,301.1499938964844
2015-06-04,155,301.70001220703125
2015-06-05,156,301.45001220703125
2015-06-06,157,301.27001953125
2015-06-07,158,301.6099853515625
2015-06-08,159,301.8999938964844
2015-06-09,160,301.54998779296875
2015-06-10,161,301.2200012207031
2015-06-11,162,301.1199951171875
2015-06-12,163,300.79998779296875
2015-06-13,164,301.5
2015-06-14,165,300.70001220703125
2015-06-15,166,301.0999755859375
2015-06-16,167,301.7200012207031
2015-06-17,168,301.33001708984375
2015-06-18,169,300.6199951171875
2015-06-19,170,300.27001953125
2015-06-20,171,300.95001220703125
2015-06-21,172,299.91998291015625
2015-06-22,173,300.17999267578125
2015-06-23,174,300.67999267578125
2015-06-24,175,300.7200012207031
2015-06-25,176,300.7200012207031
2015-06-26,177,300.91998291015625
2015-06-27,178,301.2200012207031
2015-06-28,179,301.07000732421875
2015-06-29,180,301.29998779296875
2015-06-30,181,302.3599853515625
2015-07-01,182,302.45001220703125
2015-07-02,183,301.3599853515625
2015-07-03,184,301.6499938964844
2015-07-04,185,301.6199951171875
2015-07-05,186,300.7799987792969
2015-07-06,187,300.29998779296875
2015-07-07,188,299.95001220703125
2015-07-08,189,300.1499938964844
2015-07-09,190,300.02001953125
2015-07-10,191,300.2799987792969
2015-07-11,192,300.41998291015625
2015-07-12,193,300.52001953125
2015-07-13,194,301.04998779296875
2015-07-14,195,301.3999938964844
2015-07-15,196,301.07000732421875
2015-07-16,197,300.8499755859375
2015-07-17,198,300.70001220703125
2015-07-18,199,300.25
2015-07-19,200,300.9700012207031
2015-07-20,201,301.1499938964844
2015-07-21,202,301.25
2015-07-22,203,300.52001953125
2015-07-23,204,300.6199951171875
2015-07-24,205,300.07000732421875
2015-07-25,206,300.45001220703125
2015-07-26,207,301.45001220703125
2015-07-27,208,301.0999755859375
2015-07-28,209,300.8999938964844
2015-07-29,210,300.77001953125
2015-07-30,211,300.20001220703125
2015-07-31,212,300.91998291015625
2015-08-01,213,301.3999938964844
2015-08-02,214,300.9700012207031
2015-08-03,215,300.75
2015-08-04,216,300.2200012207031
2015-08-05,217,300.0
2015-08-06,218,300.04998779296875
2015-08-07,219,300.02001953125
2015-08-08,220,299.6499938964844
2015-08-09,221,299.8499755859375
2015-08-10,222,299.79998779296875
2015-08-11,223,300.6199951171875
2015-08-12,224,301.58001708984375
2015-08-13,225,301.27001953125
2015-08-14,226,300.6499938964844
2015-08-15,227,300.6499938964844
2015-08-16,228,301.0999755859375
2015-08-17,229,301.58001708984375
2015-08-18,230,301.0999755859375
2015-08-19,231,299.9700012207031
2015-08-20,232,299.8699951171875
2015-08-21,233,300.20001220703125
2015-08-22,234,299.9700012207031
2015-08-23,235,299.8999938964844
2015-08-24,236,300.4700012207031
2015-08-25,237,301.1199951171875
2015-08-26,238,300.57000732421875
2015-08-27,239,300.77001953125
2015-08-28,240,300.8499755859375
2015-08-29,241,300.79998779296875
2015-08-30,242,300.6199951171875
2015-08-31,243,300.91998291015625
2015-09-01,244,300.45001220703125
2015-09-02,245,300.54998779296875
2015-09-03,246,300.6199951171875
2015-09-04,247,301.1199951171875
2015-09-05,248,300.95001220703125
2015-09-06,249,301.33001708984375
2015-09-07,250,300.57000732421875
2015-09-08,251,300.07000732421875
2015-09-09,252,301.41998291015625
2015-09-10,253,301.79998779296875
2015-09-11,254,300.5999755859375
2015-09-12,255,300.6199951171875
2015-09-13,256,301.1499938964844
2015-09-14,257,300.8499755859375
2015-09-15,258,301.04998779296875
2015-09-16,259,301.3900146484375
2015-09-17,260,300.91998291015625
2015-09-18,261,300.79998779296875
2015-09-19,262,301.04998779296875
2015-09-20,263,300.57000732421875
2015-09-21,264,300.25
2015-09-22,265,300.8999938964844
2015-09-23,266,300.29998779296875
2015-09-24,267,300.17999267578125
2015-09-25,268,299.8800048828125
2015-09-26,269,299.57000732421875
2015-09-27,270,300.5
2015-09-28,271,301.5
2015-09-29,272,301.4700012207031
2015-09-30,273,300.8999938964844
2015-10-01,274,301.0
2015-10-02,275,301.07000732421875
2015-10-03,276,301.04998779296875
2015-10-04,277,301.1199951171875
2015-10-05,278,301.5
2015-10-06,279,301.70001220703125
2015-10-07,280,301.3900146484375
2015-10-08,281,301.04998779296875
2015-10-09,282,301.20001220703125
2015-10-10,283,300.95001220703125
2015-10-11,284,301.1499938964844
2015-10-12,285,301.1499938964844
2015-10-13,286,300.6199951171875
2015-10-14,287,301.33001708984375
2015-10-15,288,301.17999267578125
2015-10-16,289,300.2200012207031
2015-10-17,290,299.82000732421875
2015-10-18,291,300.6199951171875
2015-10-19,292,301.20001220703125
2015-10-20,293,300.57000732421875
2015-10-21,294,301.0999755859375
2015-10-22,295,301.0999755859375
2015-10-23,296,300.6499938964844
2015-10-24,297,301.4700012207031
2015-10-25,298,301.0
2015-10-26,299,300.70001220703125
2015-10-27,300,300.91998291015625
2015-10-28,301,300.54998779296875
2015-10-29,302,300.3999938964844
2015-10-30,303,301.08001708984375
2015-10-31,304,301.4700012207031
2015-11-01,305,301.3900146484375
2015-11-02,306,301.41998291015625
2015-11-03,307,301.5
2015-11-04,308,300.91998291015625
2015-11-05,309,301.4700012207031
2015-11-06,310,301.2799987792969
2015-11-07,311,301.6499938964844
2015-11-08,312,301.02001953125
2015-11-09,313,300.75
2015-11-10,314,301.07000732421875
2015-11-11,315,301.04998779296875
2015-11-12,316,301.5
2015-11-13,317,301.9700012207031
2015-11-14,318,301.8999938964844
2015-11-15,319,301.25
2015-11-16,320,301.52001953125
2015-11-17,321,301.52001953125
2015-11-18,322,302.1499938964844
2015-11-19,323,301.6099853515625
2015-11-20,324,301.6099853515625
2015-11-21,325,301.54998779296875
2015-11-22,326,301.8900146484375
2015-11-23,327,301.45001220703125
2015-11-24,328,301.3599853515625
2015-11-25,329,301.2200012207031
2015-11-26,330,300.45001220703125
2015-11-27,331,300.95001220703125
2015-11-28,332,301.2799987792969
2015-11-29,333,301.45001220703125
2015-11-30,334,301.58001708984375
2015-12-01,335,301.75
2015-12-02,336,301.25
2015-12-03,337,300.77001953125
2015-12-04,338,300.3800048828125
2015-12-05,339,300.8800048828125
2015-12-06,340,301.41998291015625
2015-12-07,341,302.2799987792969
2015-12-08,342,301.3999938964844
2015-12-09,343,301.3599853515625
2015-12-10,344,300.67999267578125
2015-12-11,345,301.41998291015625
2015-12-12,346,301.9700012207031
2015-12-13,347,301.58001708984375
2015-12-14,348,300.8499755859375
2015-12-15,349,300.67999267578125
2015-12-16,350,300.41998291015625
2015-12-17,351,300.72998046875
2015-12-18,352,300.6199951171875
2015-12-19,353,301.02001953125
2015-12-20,354,300.3499755859375
2015-12-21,355,300.2799987792969
2015-12-22,356,300.32000732421875
2015-12-23,357,300.8499755859375
2015-12-24,358,300.45001220703125
2015-12-25,359,299.95001220703125
2015-12-26,360,300.54998779296875
2015-12-27,361,300.3999938964844
2015-12-28,362,300.95001220703125
2015-12-29,363,301.33001708984375
2015-12-30,364,300.70001220703125
2015-12-31,365,301.02001953125
2016-01-01,366,300.8999938964844
2016-01-02,367,301.1199951171875
2016-01-03,368,301.25
2016-01-04,369,300.7799987792969
2016-01-05,370,300.57000732421875
2016-01-06,371,300.2200012207031
2016-01-07,372,300.70001220703125
2016-01-08,373,300.7799987792969
2016-01-09,374,301.41998291015625
2016-01-10,375,301.6099853515625
2016-01-11,376,301.54998779296875
2016-01-12,377,300.27001953125
2016-01-13,378,300.95001220703125
2016-01-14,379,300.57000732421875
2016-01-15,380,300.27001953125
2016-01-16,381,300.77001953125
2016-01-17,382,300.2200012207031
2016-01-18,383,300.45001220703125
2016-01-19,384,300.70001220703125
2016-01-20,385,301.6199951171875
2016-01-21,386,300.91998291015625
2016-01-22,387,301.0
2016-01-23,388,299.8699951171875
2016-01-24,389,300.1499938964844
2016-01-25,390,300.8499755859375
2016-01-26,391,300.29998779296875
2016-01-27,392,300.7200012207031
2016-01-28,393,301.17999267578125
2016-01-29,394,300.6199951171875
2016-01-30,395,300.2799987792969
2016-01-31,396,300.3699951171875
2016-02-01,397,301.25
2016-02-02,398,301.58001708984375
2016-02-03,399,301.1499938964844
2016-02-04,400,301.33001708984375
2016-02-05,401,301.3900146484375
2016-02-06,402,301.25
2016-02-07,403,301.07000732421875
2016-02-08,404,301.1499938964844
2016-02-09,405,300.5999755859375
2016-02-10,406,300.25
2016-02-11,407,300.07000732421875
2016-02-12,408,300.8499755859375
2016-02-13,409,301.2200012207031
2016-02-14,410,300.58001708984375
2016-02-15,411,300.20001220703125
2016-02-16,412,300.6499938964844
2016-02-17,413,300.79998779296875
2016-02-18,414,300.3999938964844
2016-02-19,415,300.27001953125
2016-02-20,416,300.1499938964844
2016-02-21,417,300.20001220703125
2016-02-22,418,301.17999267578125
2016-02-23,419,300.66998291015625
2016-02-24,420,301.29998779296875
2016-02-25,421,301.6499938964844
2016-02-26,422,301.0
2016-02-27,423,301.3999938964844
2016-02-28,424,301.0999755859375
2016-02-29,425,300.25
2016-03-01,426,300.41998291015625
2016-03-02,427,300.52001953125
2016-03-03,428,300.9700012207031
2016-03-04,429,301.27001953125
2016-03-05,430,301.6499938964844
2016-03-06,431,301.54998779296875
2016-03-07,432,301.2799987792969
2016-03-08,433,302.0
2016-03-09,434,300.3699951171875
2016-03-10,435,300.25
2016-03-11,436,301.20001220703125
2016-03-12,437,301.45001220703125
2016-03-13,438,301.9700012207031
2016-03-14,439,301.8599853515625
2016-03-15,440,301.8599853515625
2016-03-16,441,301.20001220703125
2016-03-17,442,301.04998779296875
2016-03-18,443,301.2799987792969
2016-03-19,444,301.20001220703125
2016-03-20,445,301.17999267578125
2016-03-21,446,301.04998779296875
2016-03-22,447,301.3599853515625
2016-03-23,448,300.54998779296875
2016-03-24,449,300.20001220703125
2016-03-25,450,298.82000732421875
2016-03-26,451,299.32000732421875
2016-03-27,452,300.29998779296875
2016-03-28,453,300.25
2016-03-29,454,300.72998046875
2016-03-30,455,301.0
2016-03-31,456,300.5
2016-04-01,457,300.54998779296875
2016-04-02,458,300.8499755859375
2016-04-03,459,301.04998779296875
2016-04-04,460,300.45001220703125
2016-04-05,461,300.17999267578125
2016-04-06,462,300.33001708984375
2016-04-07,463,301.16998291015625
2016-04-08,464,301.3999938964844
2016-04-09,465,301.1499938964844
2016-04-10,466,301.3599853515625
2016-04-11,467,301.1499938964844
2016-04-12,468,300.45001220703125
2016-04-13,469,300.70001220703125
2016-04-14,470,301.17999267578125
2016-04-15,471,300.6499938964844
2016-04-16,472,300.91998291015625
2016-04-17,473,300.9700012207031
2016-04-18,474,300.7799987792969
2016-04-19,475,300.3800048828125
2016-04-20,476,300.5999755859375
2016-04-21,477,300.77001953125
2016-04-22,478,300.6499938964844
2016-04-23,479,300.82000732421875
2016-04-24,480,300.75
2016-04-25,481,301.1499938964844
2016-04-26,482,301.2200012207031
2016-04-27,483,301.4700012207031
2016-04-28,484,301.45001220703125
2016-04-29,485,300.7200012207031
2016-04-30,486,300.9700012207031
2016-05-01,487,301.2200012207031
2016-05-02,488,301.0999755859375
2016-05-03,489,301.04998779296875
2016-05-04,490,301.1199951171875
2016-05-05,491,301.20001220703125
2016-05-06,492,300.6199951171875
2016-05-07,493,300.9700012207031
2016-05-08,494,301.58001708984375
2016-05-09,495,302.29998779296875
2016-05-10,496,301.2799987792969
2016-05-11,497,300.6199951171875
2016-05-12,498,300.7200012207031
2016-05-13,499,301.3999938964844
2016-05-14,500,301.17999267578125
2016-05-15,501,301.6199951171875
2016-05-16,502,301.6099853515625
2016-05-17,503,301.3599853515625
2016-05-18,504,301.5
2016-05-19,505,301.29998779296875
2016-05-20,506,301.8999938964844
2016-05-21,507,301.29998779296875
2016-05-22,508,301.29998779296875
2016-05-23,509,301.2200012207031
2016-05-24,510,300.79998779296875
2016-05-25,511,301.91998291015625
2016-05-26,512,301.58001708984375
2016-05-27,513,300.3800048828125
2016-05-28,514,299.91998291015625
2016-05-29,515,300.5
2016-05-30,516,301.6099853515625
2016-05-31,517,302.1499938964844
2016-06-01,518,302.04998779296875
2016-06-02,519,301.2200012207031
2016-06-03,520,300.75
2016-06-04,521,301.1199951171875
2016-06-05,522,301.54998779296875
2016-06-06,523,301.1499938964844
2016-06-07,524,300.75
2016-06-08,525,300.27001953125
2016-06-09,526,300.54998779296875
2016-06-10,527,300.6199951171875
2016-06-11,528,301.67999267578125
2016-06-12,529,301.7200012207031
2016-06-13,530,301.3599853515625
2016-06-14,531,301.45001220703125
2016-06-15,532,302.20001220703125
2016-06-16,533,301.95001220703125
2016-06-17,534,301.8699951171875
2016-06-18,535,301.3999938964844
2016-06-19,536,301.8900146484375
2016-06-20,537,302.72998046875
2016-06-21,538,301.9700012207031
2016-06-22,539,301.41998291015625
2016-06-23,540,301.20001220703125
2016-06-24,541,300.5
2016-06-25,542,300.75
2016-06-26,543,300.3999938964844
2016-06-27,544,300.3800048828125
2016-06-28,545,301.29998779296875
2016-06-29,546,301.33001708984375
2016-06-30,547,301.3900146484375
2016-07-01,548,301.6499938964844
2016-07-02,549,300.3499755859375
2016-07-03,550,299.8999938964844
2016-07-04,551,300.70001220703125
2016-07-05,552,299.54998779296875
2016-07-06,553,300.91998291015625
2016-07-07,554,301.02001953125
2016-07-08,555,301.3599853515625
2016-07-09,556,300.95001220703125
2016-07-10,557,300.79998779296875
2016-07-11,558,301.3900146484375
2016-07-12,559,301.4700012207031
2016-07-13,560,301.04998779296875
2016-07-14,561,301.33001708984375
2016-07-15,562,300.9700012207031
2016-07-16,563,301.0999755859375
2016-07-17,564,301.3900146484375
2016-07-18,565,301.8699951171875
2016-07-19,566,301.3999938964844
2016-07-20,567,301.17999267578125
2016-07-21,568,301.25
2016-07-22,569,300.4700012207031
2016-07-23,570,300.54998779296875
2016-07-24,571,300.79998779296875
2016-07-25,572,299.8999938964844
2016-07-26,573,300.16998291015625
2016-07-27,574,299.8499755859375
2016-07-28,575,300.52001953125
2016-07-29,576,300.57000732421875
2016-07-30,577,300.95001220703125
2016-07-31,578,300.95001220703125
2016-08-01,579,301.3999938964844
2016-08-02,580,301.7799987792969
2016-08-03,581,301.5
2016-08-04,582,300.20001220703125
2016-08-05,583,299.3800048828125
2016-08-06,584,299.91998291015625
2016-08-07,585,300.1499938964844
2016-08-08,586,300.75
2016-08-09,587,300.5
2016-08-10,588,300.8800048828125
2016-08-11,589,300.47998046875
2016-08-12,590,300.27001953125
2016-08-13,591,300.32000732421875
2016-08-14,592,301.02001953125
2016-08-15,593,300.67999267578125
2016-08-16,594,300.70001220703125
2016-08-17,595,300.7799987792969
2016-08-18,596,299.8800048828125
2016-08-19,597,299.79998779296875
2016-08-20,598,299.5999755859375
2016-08-21,599,300.0999755859375
2016-08-22,600,300.66998291015625
2016-08-23,601,301.67999267578125
2016-08-24,602,301.0
2016-08-25,603,301.3999938964844
2016-08-26,604,300.67999267578125
2016-08-27,605,301.1199951171875
2016-08-28,606,301.0
2016-08-29,607,300.5
2016-08-30,608,300.70001220703125
2016-08-31,609,299.91998291015625
2016-09-01,610,300.8499755859375
2016-09-02,611,300.82000732421875
2016-09-03,612,300.79998779296875
2016-09-04,613,300.5999755859375
2016-09-05,614,300.8699951171875
2016-09-06,615,300.3499755859375
2016-09-07,616,300.57000732421875
2016-09-08,617,300.91998291015625
2016-09-09,618,301.5
2016-09-10,619,301.1499938964844
2016-09-11,620,300.3699951171875
2016-09-12,621,301.2200012207031
2016-09-13,622,302.20001220703125
2016-09-14,623,300.3800048828125
2016-09-15,624,299.5
2016-09-16,625,298.82000732421875
2016-09-17,626,300.95001220703125
2016-09-18,627,300.77001953125
2016-09-19,628,300.91998291015625
2016-09-20,629,301.1199951171875
2016-09-21,630,300.95001220703125
2016-09-22,631,299.77001953125
2016-09-23,632,300.08001708984375
2016-09-24,633,301.8900146484375
2016-09-25,634,300.6499938964844
2016-09-26,635,301.27001953125
2016-09-27,636,301.3999938964844
2016-09-28,637,301.2200012207031
2016-09-29,638,300.9700012207031
2016-09-30,639,300.95001220703125
2016-10-01,640,301.07000732421875
2016-10-02,641,300.95001220703125
2016-10-03,642,301.0999755859375
2016-10-04,643,300.82000732421875
2016-10-05,644,300.1499938964844
2016-10-06,645,300.17999267578125
2016-10-07,646,301.1199951171875
2016-10-08,647,300.75
2016-10-09,648,300.32000732421875
2016-10-10,649,300.79998779296875
2016-10-11,650,300.6199951171875
2016-10-12,651,300.95001220703125
2016-10-13,652,300.2799987792969
2016-10-14,653,300.45001220703125
2016-10-15,654,301.27001953125
2016-10-16,655,300.54998779296875
2016-10-17,656,300.25
2016-10-18,657,300.52001953125
2016-10-19,658,300.52001953125
2016-10-20,659,300.67999267578125
2016-10-21,660,300.32000732421875
2016-10-22,661,300.5
2016-10-23,662,300.6199951171875
2016-10-24,663,301.1199951171875
2016-10-25,664,300.79998779296875
2016-10-26,665,300.45001220703125
2016-10-27,666,300.0
2016-10-28,667,299.6499938964844
2016-10-29,668,300.2200012207031
2016-10-30,669,300.54998779296875
2016-10-31,670,300.20001220703125
2016-11-01,671,301.1499938964844
2016-11-02,672,301.17999267578125
2016-11-03,673,301.33001708984375
2016-11-04,674,300.32000732421875
2016-11-05,675,300.77001953125
2016-11-06,676,301.17999267578125
2016-11-07,677,301.5
2016-11-08,678,300.6199951171875
2016-11-09,679,300.57000732421875
2016-11-10,680,300.57000732421875
2016-11-11,681,299.45001220703125
2016-11-12,682,299.32000732421875
2016-11-13,683,300.95001220703125
2016-11-14,684,300.32000732421875
2016-11-15,685,299.1199951171875
2016-11-16,686,300.5999755859375
2016-11-17,687,301.8599853515625
2016-11-18,688,301.83001708984375
2016-11-19,689,302.02001953125
2016-11-20,690,302.3900146484375
2016-11-21,691,303.1099853515625
2016-11-22,692,301.7799987792969
2016-11-23,693,302.20001220703125
2016-11-24,694,302.20001220703125
2016-11-25,695,301.8599853515625
2016-11-26,696,302.02001953125
2016-11-27,697,301.70001220703125
2016-11-28,698,301.45001220703125
2016-11-29,699,301.54998779296875
2016-11-30,700,301.29998779296875
2016-12-01,701,301.20001220703125
2016-12-02,702,301.3699951171875
2016-12-03,703,301.83001708984375
2016-12-04,704,301.6499938964844
2016-12-05,705,301.25
2016-12-06,706,301.5
2016-12-07,707,301.02001953125
2016-12-08,708,301.6099853515625
2016-12-09,709,301.33001708984375
2016-12-10,710,301.8999938964844
2016-12-11,711,300.95001220703125
2016-12-12,712,301.52001953125
2016-12-13,713,301.7200012207031
2016-12-14,714,301.2799987792969
2016-12-15,715,301.29998779296875
2016-12-16,716,299.52001953125
2016-12-17,717,300.75
2016-12-18,718,300.29998779296875
2016-12-19,719,300.5
2016-12-20,720,300.77001953125
2016-12-21,721,299.9700012207031
2016-12-22,722,301.02001953125
2016-12-23,723,301.67999267578125
2016-12-24,724,301.52001953125
2016-12-25,725,301.83001708984375
2016-12-26,726,302.2200012207031
2016-12-27,727,301.29998779296875
2016-12-28,728,301.70001220703125
2016-12-29,729,301.2799987792969
2016-12-30,730,301.0999755859375
2016-12-31,731,302.1400146484375
2017-01-01,732,301.6400146484375
2017-01-02,733,301.5999755859375
2017-01-03,734,301.8599853515625
2017-01-04,735,301.2799987792969
2017-01-05,736,301.8399963378906
2017-01-06,737,301.6600036621094
2017-01-07,738,301.58001708984375
2017-01-08,739,302.0299987792969
2017-01-09,740,300.9100036621094
2017-01-10,741,300.8999938964844
2017-01-11,742,300.92999267578125
2017-01-12,743,301.510009765625
2017-01-13,744,301.97998046875
2017-01-14,745,299.72998046875
2017-01-15,746,300.8599853515625
2017-01-16,747,301.1300048828125
2017-01-17,748,301.4100036621094
2017-01-18,749,301.2099914550781
2017-01-19,750,302.2099914550781
2017-01-20,751,301.5899963378906
2017-01-21,752,301.3599853515625
2017-01-22,753,300.510009765625
2017-01-23,754,301.08001708984375
2017-01-24,755,301.7799987792969
2017-01-25,756,301.42999267578125
2017-01-26,757,301.3999938964844
2017-01-27,758,300.72998046875
2017-01-28,759,301.2799987792969
2017-01-29,760,302.2099914550781
2017-01-30,761,302.05999755859375
2017-01-31,762,301.47998046875
2017-02-01,763,301.8399963378906
2017-02-02,764,301.17999267578125
2017-02-03,765,300.3999938964844
2017-02-04,766,300.92999267578125
2017-02-05,767,300.70001220703125
2017-02-06,768,301.97998046875
2017-02-07,769,301.83001708984375
2017-02-08,770,301.5299987792969
2017-02-09,771,300.83001708984375
2017-02-10,772,300.7099914550781
2017-02-11,773,300.8599853515625
2017-02-12,774,300.3499755859375
2017-02-13,775,300.55999755859375
2017-02-14,776,300.5
2017-02-15,777,301.25
2017-02-16,778,301.58001708984375
2017-02-17,779,301.1300048828125
2017-02-18,780,301.2099914550781
2017-02-19,781,301.1099853515625
2017-02-20,782,300.6600036621094
2017-02-21,783,299.9599914550781
2017-02-22,784,301.3599853515625
2017-02-23,785,301.0299987792969
2017-02-24,786,301.6099853515625
2017-02-25,787,300.2799987792969
2017-02-26,788,301.42999267578125
2017-02-27,789,301.17999267578125
2017-02-28,790,301.3900146484375
2017-03-01,791,300.33001708984375
2017-03-02,792,299.7099914550781
2017-03-03,793,300.5299987792969
2017-03-04,794,300.8599853515625
2017-03-05,795,300.97998046875
2017-03-06,796,300.4599914550781
2017-03-07,797,302.010009765625
2017-03-08,798,300.9100036621094
2017-03-09,799,299.33001708984375
2017-03-10,800,299.67999267578125
2017-03-11,801,300.3599853515625
2017-03-12,802,299.80999755859375
2017-03-13,803,300.3999938964844
2017-03-14,804,300.760009765625
2017-03-15,805,300.8800048828125
2017-03-16,806,300.47998046875
2017-03-17,807,300.2799987792969
2017-03-18,808,300.5299987792969
2017-03-19,809,301.47998046875
2017-03-20,810,301.5299987792969
2017-03-21,811,301.1600036621094
2017-03-22,812,300.3800048828125
2017-03-23,813,300.92999267578125
2017-03-24,814,300.6499938964844
2017-03-25,815,300.9100036621094
2017-03-26,816,300.3800048828125
2017-03-27,817,300.33001708984375
2017-03-28,818,299.1300048828125
2017-03-29,819,299.2799987792969
2017-03-30,820,300.9599914550781
2017-03-31,821,301.08001708984375
2017-04-01,822,301.05999755859375
2017-04-02,823,300.67999267578125
2017-04-03,824,300.92999267578125
2017-04-04,825,301.17999267578125
2017-04-05,826,301.4599914550781
2017-04-06,827,301.22998046875
2017-04-07,828,301.2799987792969
2017-04-08,829,301.489990234375
2017-04-09,830,300.8999938964844
2017-04-10,831,301.45001220703125
2017-04-11,832,300.8800048828125
2017-04-12,833,299.83001708984375
2017-04-13,834,300.4100036621094
2017-04-14,835,300.0299987792969
2017-04-15,836,300.1300048828125
2017-04-16,837,300.5299987792969
2017-04-17,838,300.22998046875
2017-04-18,839,299.72998046875
2017-04-19,840,300.3800048828125
2017-04-20,841,300.75
2017-04-21,842,300.4599914550781
2017-04-22,843,300.08001708984375
2017-04-23,844,300.9100036621094
2017-04-24,845,300.260009765625
2017-04-25,846,299.25
2017-04-26,847,299.8599853515625
2017-04-27,848,301.260009765625
2017-04-28,849,301.08001708984375
2017-04-29,850,300.7799987792969
2017-04-30,851,300.47998046875
2017-05-01,852,300.4100036621094
2017-05-02,853,299.8800048828125
2017-05-03,854,300.55999755859375
2017-05-04,855,300.510009765625
2017-05-05,856,301.010009765625
2017-05-06,857,301.3800048828125
2017-05-07,858,300.0299987792969
2017-05-08,859,300.22998046875
2017-05-09,860,300.83001708984375
2017-05-10,861,300.97998046875
2017-05-11,862,300.3499755859375
2017-05-12,863,301.760009765625
2017-05-13,864,302.17999267578125
2017-05-14,865,302.5299987792969
2017-05-15,866,301.2099914550781
2017-05-16,867,300.010009765625
2017-05-17,868,300.8599853515625
2017-05-18,869,300.67999267578125
2017-05-19,870,301.6600036621094
2017-05-20,871,301.80999755859375
2017-05-21,872,301.53997802734375
2017-05-22,873,301.3800048828125
2017-05-23,874,301.6400146484375
2017-05-24,875,300.8399963378906
2017-05-25,876,301.1499938964844
2017-05-26,877,301.42999267578125
2017-05-27,878,301.72998046875
2017-05-28,879,301.3599853515625
2017-05-29,880,300.97998046875
2017-05-30,881,301.1300048828125
2017-05-31,882,301.22998046875
2017-06-01,883,301.19000244140625
2017-06-02,884,300.45001220703125
2017-06-03,885,301.1300048828125
2017-06-04,886,301.3900146484375
2017-06-05,887,300.97998046875
2017-06-06,888,300.760009765625
2017-06-07,889,300.0299987792969
2017-06-08,890,300.22998046875
2017-06-09,891,299.5999755859375
2017-06-10,892,300.22998046875
2017-06-11,893,300.3999938964844
2017-06-12,894,301.3900146484375
2017-06-13,895,300.9100036621094
2017-06-14,896,300.54998779296875
2017-06-15,897,301.0299987792969
2017-06-16,898,300.4599914550781
2017-06-17,899,300.45001220703125
2017-06-18,900,301.2099914550781
2017-06-19,901,301.55999755859375
2017-06-20,902,300.1499938964844
2017-06-21,903,300.5999755859375
2017-06-22,904,300.08001708984375
2017-06-23,905,300.2799987792969
2017-06-24,906,299.79998779296875
2017-06-25,907,300.3499755859375
2017-06-26,908,300.72998046875
2017-06-27,909,300.22998046875
2017-06-28,910,300.47998046875
2017-06-29,911,300.22998046875
2017-06-30,912,300.72998046875
2017-07-01,913,300.42999267578125
2017-07-02,914,299.7099914550781
2017-07-03,915,299.4100036621094
2017-07-04,916,300.1099853515625
2017-07-05,917,300.1099853515625
2017-07-06,918,300.7099914550781
2017-07-07,919,300.30999755859375
2017-07-08,920,299.989990234375
2017-07-09,921,299.8800048828125
2017-07-10,922,299.92999267578125
2017-07-11,923,299.22998046875
2017-07-12,924,300.1300048828125
2017-07-13,925,300.260009765625
2017-07-14,926,300.7099914550781
2017-07-15,927,300.72998046875
2017-07-16,928,300.2799987792969
2017-07-17,929,300.8800048828125
2017-07-18,930,300.3599853515625
2017-07-19,931,300.1300048828125
2017-07-20,932,300.75
2017-07-21,933,300.989990234375
2017-07-22,934,301.08001708984375
2017-07-23,935,300.55999755859375
2017-07-24,936,300.1499938964844
2017-07-25,937,300.04998779296875
2017-07-26,938,300.67999267578125
2017-07-27,939,301.010009765625
2017-07-28,940,301.0299987792969
2017-07-29,941,300.2099914550781
2017-07-30,942,299.1300048828125
2017-07-31,943,298.95001220703125
2017-08-01,944,300.0
2017-08-02,945,299.72998046875
2017-08-03,946,301.08001708984375
2017-08-04,947,300.1099853515625
2017-08-05,948,300.30999755859375
2017-08-06,949,301.0299987792969
2017-08-07,950,301.58001708984375
2017-08-08,951,301.5299987792969
2017-08-09,952,300.92999267578125
2017-08-10,953,300.8399963378906
2017-08-11,954,300.010009765625
2017-08-12,955,299.760009765625
2017-08-13,956,300.17999267578125
2017-08-14,957,300.4599914550781
2017-08-15,958,300.1600036621094
2017-08-16,959,301.5899963378906
2017-08-17,960,301.22998046875
2017-08-18,961,300.70001220703125
2017-08-19,962,300.6600036621094
2017-08-20,963,301.22998046875
2017-08-21,964,300.92999267578125
2017-08-22,965,300.3800048828125
2017-08-23,966,300.4599914550781
2017-08-24,967,300.6300048828125
2017-08-25,968,301.08001708984375
2017-08-26,969,301.5999755859375
2017-08-27,970,301.80999755859375
2017-08-28,971,302.44000244140625
2017-08-29,972,301.010009765625
2017-08-30,973,300.67999267578125
2017-08-31,974,300.2099914550781
2017-09-01,975,300.72998046875
2017-09-02,976,300.7099914550781
2017-09-03,977,300.9599914550781
2017-09-04,978,300.6600036621094
2017-09-05,979,300.97998046875
2017-09-06,980,301.4100036621094
2017-09-07,981,300.72998046875
2017-09-08,982,301.1300048828125
2017-09-09,983,300.760009765625
2017-09-10,984,300.9599914550781
2017-09-11,985,301.92999267578125
2017-09-12,986,300.8599853515625
2017-09-13,987,300.6300048828125
2017-09-14,988,301.5299987792969
2017-09-15,989,301.1099853515625
2017-09-16,990,300.9100036621094
2017-09-17,991,301.1600036621094
2017-09-18,992,301.2099914550781
2017-09-19,993,301.47998046875
2017-09-20,994,301.30999755859375
2017-09-21,995,301.739990234375
2017-09-22,996,301.5299987792969
2017-09-23,997,301.58001708984375
2017-09-24,998,301.760009765625
2017-09-25,999,301.9599914550781
2017-09-26,1000,302.2099914550781
2017-09-27,1001,301.72998046875
2017-09-28,1002,300.42999267578125
2017-09-29,1003,300.1600036621094
2017-09-30,1004,300.47998046875
2017-10-01,1005,300.92999267578125
2017-10-02,1006,301.0299987792969
2017-10-03,1007,301.4100036621094
2017-10-04,1008,301.08001708984375
2017-10-05,1009,300.5999755859375
2017-10-06,1010,300.510009765625
2017-10-07,1011,301.0299987792969
2017-10-08,1012,300.6300048828125
2017-10-09,1013,300.79998779296875
2017-10-10,1014,301.05999755859375
2017-10-11,1015,301.7799987792969
2017-10-12,1016,301.92999267578125
2017-10-13,1017,301.67999267578125
2017-10-14,1018,301.2799987792969
2017-10-15,1019,300.72998046875
2017-10-16,1020,300.92999267578125
2017-10-17,1021,301.510009765625
2017-10-18,1022,300.67999267578125
2017-10-19,1023,301.010009765625
2017-10-20,1024,301.05999755859375
2017-10-21,1025,301.510009765625
2017-10-22,1026,301.80999755859375
2017-10-23,1027,301.6400146484375
2017-10-24,1028,301.4100036621094
2017-10-25,1029,300.9100036621094
2017-10-26,1030,301.1300048828125
2017-10-27,1031,301.30999755859375
2017-10-28,1032,300.7799987792969
2017-10-29,1033,300.7799987792969
2017-10-30,1034,300.92999267578125
2017-10-31,1035,301.6600036621094
2017-11-01,1036,301.42999267578125
2017-11-02,1037,301.2099914550781
2017-11-03,1038,300.97998046875
2017-11-04,1039,301.6600036621094
2017-11-05,1040,301.6300048828125
2017-11-06,1041,301.04998779296875
2017-11-07,1042,301.47998046875
2017-11-08,1043,301.58001708984375
2017-11-09,1044,301.3399963378906
2017-11-10,1045,302.1099853515625
2017-11-11,1046,301.8599853515625
2017-11-12,1047,302.489990234375
2017-11-13,1048,302.0299987792969
2017-11-14,1049,302.239990234375
2017-11-15,1050,301.70001220703125
2017-11-16,1051,301.30999755859375
2017-11-17,1052,300.8800048828125
2017-11-18,1053,301.17999267578125
2017-11-19,1054,300.9100036621094
2017-11-20,1055,301.2799987792969
2017-11-21,1056,301.7799987792969
2017-11-22,1057,302.08001708984375
2017-11-23,1058,302.4599914550781
2017-11-24,1059,301.47998046875
2017-11-25,1060,301.3599853515625
2017-11-26,1061,301.58001708984375
2017-11-27,1062,301.7099914550781
2017-11-28,1063,302.010009765625
2017-11-29,1064,301.97998046875
2017-11-30,1065,302.9599914550781
2017-12-01,1066,303.17999267578125
2017-12-02,1067,302.42999267578125
2017-12-03,1068,301.510009765625
2017-12-04,1069,301.510009765625
2017-12-05,1070,301.3800048828125
2017-12-06,1071,301.4599914550781
2017-12-07,1072,301.2099914550781
2017-12-08,1073,301.010009765625
2017-12-09,1074,301.6300048828125
2017-12-10,1075,301.30999755859375
2017-12-11,1076,300.760009765625
2017-12-12,1077,301.2799987792969
2017-12-13,1078,300.6300048828125
2017-12-14,1079,301.3800048828125
2017-12-15,1080,301.55999755859375
2017-12-16,1081,301.1300048828125
2017-12-17,1082,300.70001220703125
2017-12-18,1083,300.80999755859375
2017-12-19,1084,300.5999755859375
2017-12-20,1085,300.79998779296875
2017-12-21,1086,301.0299987792969
2017-12-22,1087,300.0299987792969
2017-12-23,1088,300.260009765625
2017-12-24,1089,300.5999755859375
2017-12-25,1090,301.22998046875
2017-12-26,1091,301.69000244140625
2017-12-27,1092,301.8900146484375
2017-12-28,1093,302.1400146484375
2017-12-29,1094,301.92999267578125
2017-12-30,1095,300.9599914550781
2017-12-31,1096,301.47998046875
2018-01-01,1097,301.72998046875
2018-01-02,1098,301.7099914550781
2018-01-03,1099,301.6099853515625
2018-01-04,1100,301.55999755859375
2018-01-05,1101,301.1099853515625
2018-01-06,1102,301.510009765625
2018-01-07,1103,301.510009765625
2018-01-08,1104,302.05999755859375
2018-01-09,1105,301.760009765625
2018-01-10,1106,300.7099914550781
2018-01-11,1107,300.260009765625
2018-01-12,1108,301.30999755859375
2018-01-13,1109,300.0299987792969
2018-01-14,1110,300.5299987792969
2018-01-15,1111,301.80999755859375
2018-01-16,1112,302.1099853515625
2018-01-17,1113,302.260009765625
2018-01-18,1114,301.6600036621094
2018-01-19,1115,299.8599853515625
2018-01-20,1116,300.6099853515625
2018-01-21,1117,301.0
2018-01-22,1118,301.78997802734375
2018-01-23,1119,302.3599853515625
2018-01-24,1120,301.42999267578125
2018-01-25,1121,301.22998046875
2018-01-26,1122,301.58001708984375
2018-01-27,1123,301.72998046875
2018-01-28,1124,301.4100036621094
2018-01-29,1125,300.8999938964844
2018-01-30,1126,300.5299987792969
2018-01-31,1127,300.6499938964844
2018-02-01,1128,301.20001220703125
2018-02-02,1129,301.30999755859375
2018-02-03,1130,301.54998779296875
2018-02-04,1131,300.79998779296875
2018-02-05,1132,301.6099853515625
2018-02-06,1133,301.55999755859375
2018-02-07,1134,301.42999267578125
2018-02-08,1135,301.22998046875
2018-02-09,1136,301.08001708984375
2018-02-10,1137,301.3599853515625
2018-02-11,1138,300.8599853515625
2018-02-12,1139,300.9100036621094
2018-02-13,1140,300.79998779296875
2018-02-14,1141,301.5299987792969
2018-02-15,1142,301.5
2018-02-16,1143,301.4599914550781
2018-02-17,1144,300.0299987792969
2018-02-18,1145,300.510009765625
2018-02-19,1146,300.8599853515625
2018-02-20,1147,300.72998046875
2018-02-21,1148,301.1099853515625
2018-02-22,1149,301.2099914550781
2018-02-23,1150,301.08001708984375
2018-02-24,1151,301.3900146484375
2018-02-25,1152,301.67999267578125
2018-02-26,1153,300.67999267578125
2018-02-27,1154,301.20001220703125
2018-02-28,1155,300.97998046875
2018-03-01,1156,300.42999267578125
2018-03-02,1157,300.08001708984375
2018-03-03,1158,300.6499938964844
2018-03-04,1159,300.33001708984375
2018-03-05,1160,299.67999267578125
2018-03-06,1161,299.80999755859375
2018-03-07,1162,301.0999755859375
2018-03-08,1163,301.05999755859375
2018-03-09,1164,300.79998779296875
2018-03-10,1165,300.83001708984375
2018-03-11,1166,300.83001708984375
2018-03-12,1167,300.6600036621094
2018-03-13,1168,300.5
2018-03-14,1169,300.510009765625
2018-03-15,1170,301.2099914550781
2018-03-16,1171,301.3399963378906
2018-03-17,1172,301.0999755859375
2018-03-18,1173,300.6600036621094
2018-03-19,1174,300.7099914550781
2018-03-20,1175,300.67999267578125
2018-03-21,1176,301.8800048828125
2018-03-22,1177,301.5999755859375
2018-03-23,1178,301.3599853515625
2018-03-24,1179,301.9100036621094
2018-03-25,1180,301.83001708984375
2018-03-26,1181,301.1600036621094
2018-03-27,1182,300.55999755859375
2018-03-28,1183,301.58001708984375
2018-03-29,1184,301.97998046875
2018-03-30,1185,301.760009765625
2018-03-31,1186,300.8800048828125
2018-04-01,1187,301.22998046875
2018-04-02,1188,301.1300048828125
2018-04-03,1189,300.72998046875
2018-04-04,1190,300.8499755859375
2018-04-05,1191,302.0299987792969
2018-04-06,1192,300.80999755859375
2018-04-07,1193,300.72998046875
2018-04-08,1194,300.7799987792969
2018-04-09,1195,301.33001708984375
2018-04-10,1196,300.3800048828125
2018-04-11,1197,300.7099914550781
2018-04-12,1198,301.3599853515625
2018-04-13,1199,301.67999267578125
2018-04-14,1200,301.2099914550781
2018-04-15,1201,300.9599914550781
2018-04-16,1202,301.3800048828125
2018-04-17,1203,301.3800048828125
2018-04-18,1204,300.1600036621094
2018-04-19,1205,300.47998046875
2018-04-20,1206,300.08001708984375
2018-04-21,1207,300.9599914550781
2018-04-22,1208,301.6300048828125
2018-04-23,1209,301.44000244140625
2018-04-24,1210,301.25
2018-04-25,1211,301.760009765625
2018-04-26,1212,301.010009765625
2018-04-27,1213,301.30999755859375
2018-04-28,1214,301.97998046875
2018-04-29,1215,302.1300048828125
2018-04-30,1216,301.7099914550781
2018-05-01,1217,302.08001708984375
2018-05-02,1218,301.760009765625
2018-05-03,1219,301.3900146484375
2018-05-04,1220,301.1099853515625
2018-05-05,1221,300.510009765625
2018-05-06,1222,300.3999938964844
2018-05-07,1223,300.5299987792969
2018-05-08,1224,301.0299987792969
2018-05-09,1225,301.6300048828125
2018-05-10,1226,301.3999938964844
2018-05-11,1227,301.5
2018-05-12,1228,301.67999267578125
2018-05-13,1229,300.6400146484375
2018-05-14,1230,300.7799987792969
2018-05-15,1231,300.6600036621094
2018-05-16,1232,301.8599853515625
2018-05-17,1233,301.989990234375
2018-05-18,1234,301.8800048828125
2018-05-19,1235,301.2099914550781
2018-05-20,1236,301.8900146484375
2018-05-21,1237,301.2799987792969
2018-05-22,1238,300.83001708984375
2018-05-23,1239,300.92999267578125
2018-05-24,1240,301.0299987792969
2018-05-25,1241,301.80999755859375
2018-05-26,1242,301.2099914550781
2018-05-27,1243,301.80999755859375
2018-05-28,1244,300.25
2018-05-29,1245,299.92999267578125
2018-05-30,1246,300.45001220703125
2018-05-31,1247,300.30999755859375
2018-06-01,1248,300.739990234375
2018-06-02,1249,301.260009765625
2018-06-03,1250,301.6099853515625
2018-06-04,1251,301.0
2018-06-05,1252,300.8399963378906
2018-06-06,1253,300.2099914550781
2018-06-07,1254,300.2799987792969
2018-06-08,1255,300.83001708984375
2018-06-09,1256,300.0
2018-06-10,1257,300.55999755859375
2018-06-11,1258,300.92999267578125
2018-06-12,1259,301.22998046875
2018-06-13,1260,300.760009765625
2018-06-14,1261,300.3800048828125
2018-06-15,1262,300.17999267578125
2018-06-16,1263,300.010009765625
2018-06-17,1264,300.6300048828125
2018-06-18,1265,301.260009765625
2018-06-19,1266,300.47998046875
2018-06-20,1267,300.08001708984375
2018-06-21,1268,300.4599914550781
2018-06-22,1269,300.5899963378906
2018-06-23,1270,300.6300048828125
2018-06-24,1271,300.6300048828125
2018-06-25,1272,300.1600036621094
2018-06-26,1273,300.83001708984375
2018-06-27,1274,300.7099914550781
2018-06-28,1275,300.9599914550781
2018-06-29,1276,300.80999755859375
2018-06-30,1277,301.58001708984375
2018-07-01,1278,300.58001708984375
2018-07-02,1279,300.5299987792969
2018-07-03,1280,301.0299987792969
2018-07-04,1281,301.3599853515625
2018-07-05,1282,300.75
2018-07-06,1283,300.3800048828125
2018-07-07,1284,300.42999267578125
2018-07-08,1285,301.2099914550781
2018-07-09,1286,301.05999755859375
2018-07-10,1287,301.4100036621094
2018-07-11,1288,301.17999267578125
2018-07-12,1289,301.7099914550781
2018-07-13,1290,301.44000244140625
2018-07-14,1291,300.6600036621094
2018-07-15,1292,300.8499755859375
2018-07-16,1293,300.45001220703125
2018-07-17,1294,300.80999755859375
2018-07-18,1295,300.6099853515625
2018-07-19,1296,300.3800048828125
2018-07-20,1297,299.42999267578125
2018-07-21,1298,300.45001220703125
2018-07-22,1299,301.0299987792969
2018-07-23,1300,300.58001708984375
2018-07-24,1301,300.8800048828125
2018-07-25,1302,301.510009765625
2018-07-26,1303,300.7799987792969
2018-07-27,1304,299.760009765625
2018-07-28,1305,300.739990234375
2018-07-29,1306,301.29998779296875
2018-07-30,1307,300.4100036621094
2018-07-31,1308,300.8800048828125
2018-08-01,1309,300.58001708984375
2018-08-02,1310,300.17999267578125
2018-08-03,1311,300.5299987792969
2018-08-04,1312,300.6300048828125
2018-08-05,1313,300.6099853515625
2018-08-06,1314,301.0299987792969
2018-08-07,1315,300.47998046875
2018-08-08,1316,300.2799987792969
2018-08-09,1317,299.6300048828125
2018-08-10,1318,300.04998779296875
2018-08-11,1319,300.55999755859375
2018-08-12,1320,301.239990234375
2018-08-13,1321,301.260009765625
2018-08-14,1322,300.58001708984375
2018-08-15,1323,299.6300048828125
2018-08-16,1324,299.760009765625
2018-08-17,1325,300.72998046875
2018-08-18,1326,301.010009765625
2018-08-19,1327,300.83001708984375
2018-08-20,1328,300.47998046875
2018-08-21,1329,299.92999267578125
2018-08-22,1330,299.8599853515625
2018-08-23,1331,299.7099914550781
2018-08-24,1332,300.6300048828125
2018-08-25,1333,300.80999755859375
2018-08-26,1334,301.1300048828125
2018-08-27,1335,300.260009765625
2018-08-28,1336,301.03997802734375
2018-08-29,1337,300.6099853515625
2018-08-30,1338,300.0999755859375
2018-08-31,1339,299.55999755859375
2018-09-01,1340,299.7799987792969
2018-09-02,1341,299.7799987792969
2018-09-03,1342,300.30999755859375
2018-09-04,1343,300.55999755859375
2018-09-05,1344,300.72998046875
2018-09-06,1345,300.67999267578125
2018-09-07,1346,300.4599914550781
2018-09-08,1347,300.92999267578125
2018-09-09,1348,300.8800048828125
2018-09-10,1349,301.260009765625
2018-09-11,1350,301.2799987792969
2018-09-12,1351,300.9599914550781
2018-09-13,1352,301.0299987792969
2018-09-14,1353,300.83001708984375
2018-09-15,1354,300.58001708984375
2018-09-16,1355,301.67999267578125
2018-09-17,1356,301.2099914550781
2018-09-18,1357,301.3599853515625
2018-09-19,1358,301.5299987792969
2018-09-20,1359,301.010009765625
2018-09-21,1360,300.6300048828125
2018-09-22,1361,301.1099853515625
2018-09-23,1362,301.1300048828125
2018-09-24,1363,300.3999938964844
2018-09-25,1364,299.72998046875
2018-09-26,1365,300.05999755859375
2018-09-27,1366,299.9599914550781
2018-09-28,1367,299.8800048828125
2018-09-29,1368,300.4599914550781
2018-09-30,1369,299.9599914550781
2018-10-01,1370,300.3599853515625
2018-10-02,1371,301.0299987792969
2018-10-03,1372,301.1600036621094
2018-10-04,1373,300.83001708984375
2018-10-05,1374,300.7099914550781
2018-10-06,1375,300.05999755859375
2018-10-07,1376,300.0
2018-10-08,1377,300.83001708984375
2018-10-09,1378,300.80999755859375
2018-10-10,1379,300.79998779296875
2018-10-11,1380,301.17999267578125
2018-10-12,1381,301.5299987792969
2018-10-13,1382,301.30999755859375
2018-10-14,1383,300.97998046875
2018-10-15,1384,301.2799987792969
2018-10-16,1385,301.33001708984375
2018-10-17,1386,301.1600036621094
2018-10-18,1387,301.1600036621094
2018-10-19,1388,301.1099853515625
2018-10-20,1389,300.67999267578125
2018-10-21,1390,300.6300048828125
2018-10-22,1391,301.3599853515625
2018-10-23,1392,301.29998779296875
2018-10-24,1393,300.83001708984375
2018-10-25,1394,300.6099853515625
2018-10-26,1395,301.30999755859375
2018-10-27,1396,300.92999267578125
2018-10-28,1397,300.4599914550781
2018-10-29,1398,300.9599914550781
2018-10-30,1399,301.3999938964844
2018-10-31,1400,301.7099914550781
2018-11-01,1401,301.6099853515625
2018-11-02,1402,300.67999267578125
2018-11-03,1403,301.0299987792969
2018-11-04,1404,300.97998046875
2018-11-05,1405,301.0299987792969
2018-11-06,1406,301.08001708984375
2018-11-07,1407,300.5299987792969
2018-11-08,1408,300.9100036621094
2018-11-09,1409,301.45001220703125
2018-11-10,1410,301.8800048828125
2018-11-11,1411,301.6400146484375
2018-11-12,1412,302.17999267578125
2018-11-13,1413,301.510009765625
2018-11-14,1414,301.30999755859375
2018-11-15,1415,301.33001708984375
2018-11-16,1416,301.2799987792969
2018-11-17,1417,300.92999267578125
2018-11-18,1418,301.7099914550781
2018-11-19,1419,301.3900146484375
2018-11-20,1420,301.5299987792969
2018-11-21,1421,301.30999755859375
2018-11-22,1422,301.3900146484375
2018-11-23,1423,301.22998046875
2018-11-24,1424,301.08001708984375
2018-11-25,1425,301.1099853515625
2018-11-26,1426,301.72998046875
2018-11-27,1427,301.0299987792969
2018-11-28,1428,301.33001708984375
2018-11-29,1429,301.42999267578125
2018-11-30,1430,301.6099853515625
2018-12-01,1431,300.739990234375
2018-12-02,1432,301.0999755859375
2018-12-03,1433,301.3599853515625
2018-12-04,1434,301.260009765625
2018-12-05,1435,300.8599853515625
2018-12-06,1436,301.9100036621094
2018-12-07,1437,301.760009765625
2018-12-08,1438,301.47998046875
2018-12-09,1439,301.6099853515625
2018-12-10,1440,301.7099914550781
2018-12-11,1441,301.5299987792969
2018-12-12,1442,301.1499938964844
2018-12-13,1443,301.4599914550781
2018-12-14,1444,301.8599853515625
2018-12-15,1445,302.55999755859375
2018-12-16,1446,301.7799987792969
2018-12-17,1447,301.4100036621094
2018-12-18,1448,300.80999755859375
2018-12-19,1449,300.04998779296875
2018-12-20,1450,300.7799987792969
2018-12-21,1451,301.0299987792969
2018-12-22,1452,301.05999755859375
2018-12-23,1453,301.010009765625
2018-12-24,1454,301.3800048828125
2018-12-25,1455,301.05999755859375
2018-12-26,1456,301.47998046875
2018-12-27,1457,300.83001708984375
2018-12-28,1458,300.55999755859375
2018-12-29,1459,299.8999938964844
2018-12-30,1460,299.6099853515625
2018-12-31,1461,300.2799987792969
2019-01-01,1462,301.6099853515625
2019-01-02,1463,301.6099853515625
2019-01-03,1464,301.55999755859375
2019-01-04,1465,301.760009765625
2019-01-05,1466,301.30999755859375
2019-01-06,1467,301.08001708984375
2019-01-07,1468,301.0999755859375
2019-01-08,1469,301.2799987792969
2019-01-09,1470,300.7099914550781
2019-01-10,1471,301.17999267578125
2019-01-11,1472,301.7799987792969
2019-01-12,1473,302.3800048828125
2019-01-13,1474,301.22998046875
2019-01-14,1475,301.2799987792969
2019-01-15,1476,301.22998046875
2019-01-16,1477,301.67999267578125
2019-01-17,1478,301.22998046875
2019-01-18,1479,301.8900146484375
2019-01-19,1480,300.83001708984375
2019-01-20,1481,301.3999938964844
2019-01-21,1482,301.8900146484375
2019-01-22,1483,301.42999267578125
2019-01-23,1484,300.9599914550781
2019-01-24,1485,300.7099914550781
2019-01-25,1486,301.760009765625
2019-01-26,1487,300.97998046875
2019-01-27,1488,301.010009765625
2019-01-28,1489,301.010009765625
2019-01-29,1490,300.6600036621094
2019-01-30,1491,300.8800048828125
2019-01-31,1492,301.1600036621094
2019-02-01,1493,301.6400146484375
2019-02-02,1494,301.3599853515625
2019-02-03,1495,301.5299987792969
2019-02-04,1496,301.4599914550781
2019-02-05,1497,301.9100036621094
2019-02-06,1498,301.5999755859375
2019-02-07,1499,302.2099914550781
2019-02-08,1500,302.44000244140625
2019-02-09,1501,301.760009765625
2019-02-10,1502,301.510009765625
2019-02-11,1503,301.30999755859375
2019-02-12,1504,301.7099914550781
2019-02-13,1505,301.80999755859375
2019-02-14,1506,301.30999755859375
2019-02-15,1507,300.8800048828125
2019-02-16,1508,301.17999267578125
2019-02-17,1509,301.239990234375
2019-02-18,1510,300.3800048828125
2019-02-19,1511,300.79998779296875
2019-02-20,1512,302.1600036621094
2019-02-21,1513,300.8999938964844
2019-02-22,1514,299.4100036621094
2019-02-23,1515,299.5299987792969
2019-02-24,1516,300.6600036621094
2019-02-25,1517,300.97998046875
2019-02-26,1518,301.55999755859375
2019-02-27,1519,301.83001708984375
2019-02-28,1520,301.83001708984375
2019-03-01,1521,301.1300048828125
2019-03-02,1522,300.8999938964844
2019-03-03,1523,300.58001708984375
2019-03-04,1524,300.5
2019-03-05,1525,300.5299987792969
2019-03-06,1526,300.5
2019-03-07,1527,300.72998046875
2019-03-08,1528,300.42999267578125
2019-03-09,1529,300.1300048828125
2019-03-10,1530,300.08001708984375
2019-03-11,1531,300.05999755859375
2019-03-12,1532,301.239990234375
2019-03-13,1533,300.510009765625
2019-03-14,1534,300.47998046875
2019-03-15,1535,300.6300048828125
2019-03-16,1536,300.0999755859375
2019-03-17,1537,300.6099853515625
2019-03-18,1538,300.8800048828125
2019-03-19,1539,301.53997802734375
2019-03-20,1540,301.33001708984375
2019-03-21,1541,301.55999755859375
2019-03-22,1542,301.0299987792969
2019-03-23,1543,300.97998046875
2019-03-24,1544,300.95001220703125
2019-03-25,1545,300.42999267578125
2019-03-26,1546,300.4599914550781
2019-03-27,1547,301.2799987792969
2019-03-28,1548,301.2099914550781
2019-03-29,1549,301.2099914550781
2019-03-30,1550,300.7799987792969
2019-03-31,1551,301.08001708984375
2019-04-01,1552,301.1600036621094
2019-04-02,1553,300.92999267578125
2019-04-03,1554,300.6300048828125
2019-04-04,1555,300.3800048828125
2019-04-05,1556,300.3800048828125
2019-04-06,1557,300.3800048828125
2019-04-07,1558,300.4100036621094
2019-04-08,1559,299.6300048828125
2019-04-09,1560,300.8599853515625
2019-04-10,1561,300.6499938964844
2019-04-11,1562,300.8999938964844
2019-04-12,1563,300.6600036621094
2019-04-13,1564,301.1300048828125
2019-04-14,1565,300.7099914550781
2019-04-15,1566,300.79998779296875
2019-04-16,1567,299.8499755859375
2019-04-17,1568,300.1300048828125
2019-04-18,1569,300.83001708984375
2019-04-19,1570,300.58001708984375
2019-04-20,1571,301.2099914550781
2019-04-21,1572,300.1099853515625
2019-04-22,1573,299.83001708984375
2019-04-23,1574,301.2099914550781
2019-04-24,1575,301.33001708984375
2019-04-25,1576,301.6600036621094
2019-04-26,1577,300.75
2019-04-27,1578,299.5299987792969
2019-04-28,1579,299.7099914550781
2019-04-29,1580,301.22998046875
2019-04-30,1581,302.6099853515625
2019-05-01,1582,302.0299987792969
2019-05-02,1583,301.8599853515625
2019-05-03,1584,301.260009765625
2019-05-04,1585,301.3800048828125
2019-05-05,1586,302.1600036621094
2019-05-06,1587,302.3800048828125
2019-05-07,1588,301.7799987792969
2019-05-08,1589,302.2099914550781
2019-05-09,1590,302.1400146484375
2019-05-10,1591,302.22998046875
2019-05-11,1592,302.3599853515625
2019-05-12,1593,302.3399963378906
2019-05-13,1594,302.1400146484375
2019-05-14,1595,302.0299987792969
2019-05-15,1596,302.08001708984375
2019-05-16,1597,301.6099853515625
2019-05-17,1598,301.58001708984375
2019-05-18,1599,302.0899963378906
2019-05-19,1600,301.739990234375
2019-05-20,1601,302.17999267578125
2019-05-21,1602,301.83001708984375
2019-05-22,1603,300.9599914550781
2019-05-23,1604,301.1300048828125
2019-05-24,1605,301.010009765625
2019-05-25,1606,300.8499755859375
2019-05-26,1607,301.2799987792969
2019-05-27,1608,300.7799987792969
2019-05-28,1609,301.55999755859375
2019-05-29,1610,301.30999755859375
2019-05-30,1611,301.42999267578125
2019-05-31,1612,301.17999267578125
2019-06-01,1613,301.67999267578125
2019-06-02,1614,301.5299987792969
2019-06-03,1615,302.5899963378906
2019-06-04,1616,302.80999755859375
2019-06-05,1617,301.8800048828125
2019-06-06,1618,300.6300048828125
2019-06-07,1619,301.4100036621094
2019-06-08,1620,301.760009765625
2019-06-09,1621,301.760009765625
2019-06-10,1622,301.6099853515625
2019-06-11,1623,301.1099853515625
2019-06-12,1624,300.54998779296875
2019-06-13,1625,300.47998046875
2019-06-14,1626,301.72998046875
2019-06-15,1627,301.3800048828125
2019-06-16,1628,300.5299987792969
2019-06-17,1629,300.5299987792969
2019-06-18,1630,300.3999938964844
2019-06-19,1631,300.67999267578125
2019-06-20,1632,301.6099853515625
2019-06-21,1633,300.5299987792969
2019-06-22,1634,301.1300048828125
2019-06-23,1635,301.6099853515625
2019-06-24,1636,300.9599914550781
2019-06-25,1637,300.8599853515625
2019-06-26,1638,301.3599853515625
2019-06-27,1639,301.260009765625
2019-06-28,1640,300.5299987792969
2019-06-29,1641,300.47998046875
2019-06-30,1642,300.72998046875
2019-07-01,1643,300.5299987792969
2019-07-02,1644,300.92999267578125
2019-07-03,1645,301.010009765625
2019-07-04,1646,301.67999267578125
2019-07-05,1647,301.72998046875
2019-07-06,1648,301.25
2019-07-07,1649,300.5299987792969
2019-07-08,1650,300.58001708984375
2019-07-09,1651,300.17999267578125
2019-07-10,1652,300.7799987792969
2019-07-11,1653,300.7799987792969
2019-07-12,1654,299.760009765625
2019-07-13,1655,300.47998046875
2019-07-14,1656,300.2099914550781
2019-07-15,1657,300.72998046875
2019-07-16,1658,300.8800048828125
2019-07-17,1659,300.58001708984375
2019-07-18,1660,300.6099853515625
2019-07-19,1661,300.260009765625
2019-07-20,1662,300.67999267578125
2019-07-21,1663,301.1600036621094
2019-07-22,1664,301.4100036621094
2019-07-23,1665,301.55999755859375
2019-07-24,1666,300.95001220703125
2019-07-25,1667,300.33001708984375
2019-07-26,1668,300.47998046875
2019-07-27,1669,300.29998779296875
2019-07-28,1670,299.92999267578125
2019-07-29,1671,300.47998046875
2019-07-30,1672,300.0899963378906
2019-07-31,1673,300.3800048828125
2019-08-01,1674,299.8599853515625
2019-08-02,1675,299.47998046875
2019-08-03,1676,300.30999755859375
2019-08-04,1677,300.6499938964844
2019-08-05,1678,301.5299987792969
2019-08-06,1679,301.17999267578125
2019-08-07,1680,300.5999755859375
2019-08-08,1681,300.80999755859375
2019-08-09,1682,300.33001708984375
2019-08-10,1683,300.42999267578125
2019-08-11,1684,300.47998046875
2019-08-12,1685,300.7099914550781
2019-08-13,1686,300.760009765625
2019-08-14,1687,300.2799987792969
2019-08-15,1688,300.97998046875
2019-08-16,1689,300.25
2019-08-17,1690,300.53997802734375
2019-08-18,1691,300.58001708984375
2019-08-19,1692,301.05999755859375
2019-08-20,1693,300.67999267578125
2019-08-21,1694,300.72998046875
2019-08-22,1695,301.8800048828125
2019-08-23,1696,300.8800048828125
2019-08-24,1697,300.2799987792969
2019-08-25,1698,300.260009765625
2019-08-26,1699,300.760009765625
2019-08-27,1700,300.8800048828125
2019-08-28,1701,300.6099853515625
2019-08-29,1702,300.4599914550781
2019-08-30,1703,300.72998046875
2019-08-31,1704,301.2099914550781
2019-09-01,1705,299.92999267578125
2019-09-02,1706,300.5299987792969
2019-09-03,1707,300.58001708984375
2019-09-04,1708,300.5999755859375
2019-09-05,1709,300.3999938964844
2019-09-06,1710,301.1099853515625
2019-09-07,1711,301.260009765625
2019-09-08,1712,301.1099853515625
2019-09-09,1713,300.67999267578125
2019-09-10,1714,300.2799987792969
2019-09-11,1715,299.95001220703125
2019-09-12,1716,299.510009765625
2019-09-13,1717,299.33001708984375
2019-09-14,1718,299.3800048828125
2019-09-15,1719,299.7799987792969
2019-09-16,1720,299.7099914550781
2019-09-17,1721,300.17999267578125
2019-09-18,1722,299.54998779296875
2019-09-19,1723,299.6600036621094
2019-09-20,1724,299.760009765625
2019-09-21,1725,300.1300048828125
2019-09-22,1726,300.67999267578125
2019-09-23,1727,300.3999938964844
2019-09-24,1728,300.5999755859375
2019-09-25,1729,300.22998046875
2019-09-26,1730,300.8599853515625
2019-09-27,1731,300.6099853515625
2019-09-28,1732,299.55999755859375
2019-09-29,1733,299.92999267578125
2019-09-30,1734,301.04998779296875
2019-10-01,1735,300.1300048828125
2019-10-02,1736,300.58001708984375
2019-10-03,1737,300.3999938964844
2019-10-04,1738,300.83001708984375
2019-10-05,1739,300.58001708984375
2019-10-06,1740,301.1099853515625
2019-10-07,1741,300.80999755859375
2019-10-08,1742,300.3800048828125
2019-10-09,1743,300.30999755859375
2019-10-10,1744,300.3999938964844
2019-10-11,1745,301.47998046875
2019-10-12,1746,301.08001708984375
2019-10-13,1747,300.2799987792969
2019-10-14,1748,300.22998046875
2019-10-15,1749,300.2799987792969
2019-10-16,1750,300.8800048828125
2019-10-17,1751,300.3800048828125
2019-10-18,1752,300.29998779296875
2019-10-19,1753,301.3800048828125
2019-10-20,1754,301.78997802734375
2019-10-21,1755,301.3599853515625
2019-10-22,1756,301.3900146484375
2019-10-23,1757,301.260009765625
2019-10-24,1758,300.29998779296875
2019-10-25,1759,299.8800048828125
2019-10-26,1760,300.1300048828125
2019-10-27,1761,300.58001708984375
2019-10-28,1762,300.7099914550781
2019-10-29,1763,300.510009765625
2019-10-30,1764,300.30999755859375
2019-10-31,1765,301.1300048828125
2019-11-01,1766,301.989990234375
2019-11-02,1767,301.97998046875
2019-11-03,1768,301.28997802734375
2019-11-04,1769,301.55999755859375
2019-11-05,1770,301.3800048828125
2019-11-06,1771,301.1600036621094
2019-11-07,1772,301.6300048828125
2019-11-08,1773,301.010009765625
2019-11-09,1774,300.92999267578125
2019-11-10,1775,300.9599914550781
2019-11-11,1776,300.4100036621094
2019-11-12,1777,300.30999755859375
2019-11-13,1778,301.0999755859375
2019-11-14,1779,300.6099853515625
2019-11-15,1780,301.42999267578125
2019-11-16,1781,301.22998046875
2019-11-17,1782,301.0
2019-11-18,1783,301.1300048828125
2019-11-19,1784,300.42999267578125
2019-11-20,1785,301.260009765625
2019-11-21,1786,301.010009765625
2019-11-22,1787,300.5
2019-11-23,1788,299.9599914550781
2019-11-24,1789,301.08001708984375
2019-11-25,1790,301.5299987792969
2019-11-26,1791,301.8900146484375
2019-11-27,1792,301.83001708984375
2019-11-28,1793,300.33001708984375
2019-11-29,1794,301.6099853515625
2019-11-30,1795,301.05999755859375
2019-12-01,1796,301.47998046875
2019-12-02,1797,300.9100036621094
2019-12-03,1798,300.8800048828125
2019-12-04,1799,301.510009765625
2019-12-05,1800,301.2099914550781
2019-12-06,1801,300.92999267578125
2019-12-07,1802,300.22998046875
2019-12-08,1803,301.1300048828125
2019-12-09,1804,301.1600036621094
2019-12-10,1805,301.33001708984375
2019-12-11,1806,300.760009765625
2019-12-12,1807,300.92999267578125
2019-12-13,1808,301.58001708984375
2019-12-14,1809,301.67999267578125
2019-12-15,1810,300.42999267578125
2019-12-16,1811,300.6300048828125
2019-12-17,1812,301.5299987792969
2019-12-18,1813,301.510009765625
2019-12-19,1814,301.4100036621094
2019-12-20,1815,300.8800048828125
2019-12-21,1816,300.5999755859375
2019-12-22,1817,300.58001708984375
2019-12-23,1818,300.6300048828125
2019-12-24,1819,300.9599914550781
2019-12-25,1820,301.0999755859375
2019-12-26,1821,300.1600036621094
2019-12-27,1822,299.4100036621094
2019-12-28,1823,299.30999755859375
2019-12-29,1824,299.3599853515625
2019-12-30,1825,300.5299987792969
2019-12-31,1826,301.35498046875
2020-01-01,1827,300.4000244140625
2020-01-02,1828,301.0799865722656
2020-01-03,1829,301.3074951171875
2020-01-04,1830,301.45751953125
2020-01-05,1831,301.0249938964844
2020-01-06,1832,301.4499816894531
2020-01-07,1833,301.5299987792969
2020-01-08,1834,301.625
2020-01-09,1835,301.6300048828125
2020-01-10,1836,301.60247802734375
2020-01-11,1837,301.42999267578125
2020-01-12,1838,300.9524841308594
2020-01-13,1839,301.6524963378906
2020-01-14,1840,301.90496826171875
2020-01-15,1841,301.25
2020-01-16,1842,301.57501220703125
2020-01-17,1843,302.0050048828125
2020-01-18,1844,301.5749816894531
2020-01-19,1845,300.95001220703125
2020-01-20,1846,300.9324951171875
2020-01-21,1847,301.052490234375
2020-01-22,1848,301.0274963378906
2020-01-23,1849,300.8499755859375
2020-01-24,1850,301.23248291015625
2020-01-25,1851,301.3800048828125
2020-01-26,1852,301.8800048828125
2020-01-27,1853,301.9024963378906
2020-01-28,1854,302.35748291015625
2020-01-29,1855,301.8800048828125
2020-01-30,1856,301.35498046875
2020-01-31,1857,301.4324951171875
2020-02-01,1858,300.0574951171875
2020-02-02,1859,300.4024658203125
2020-02-03,1860,300.7749938964844
2020-02-04,1861,301.427490234375
2020-02-05,1862,301.60247802734375
2020-02-06,1863,301.47998046875
2020-02-07,1864,300.8999938964844
2020-02-08,1865,301.04998779296875
2020-02-09,1866,301.25250244140625
2020-02-10,1867,301.6324768066406
2020-02-11,1868,301.02996826171875
2020-02-12,1869,300.42498779296875
2020-02-13,1870,300.12750244140625
2020-02-14,1871,300.35247802734375
2020-02-15,1872,300.1050109863281
2020-02-16,1873,300.20001220703125
2020-02-17,1874,300.57501220703125
2020-02-18,1875,299.802490234375
2020-02-19,1876,301.04998779296875
2020-02-20,1877,301.0574951171875
2020-02-21,1878,300.625
2020-02-22,1879,300.55499267578125
2020-02-23,1880,300.9049987792969
2020-02-24,1881,301.3274841308594
2020-02-25,1882,301.7799987792969
2020-02-26,1883,301.0799865722656
2020-02-27,1884,300.6299743652344
2020-02-28,1885,300.9749755859375
2020-02-29,1886,301.7774963378906
2020-03-01,1887,301.677490234375
2020-03-02,1888,301.22998046875
2020-03-03,1889,301.0574951171875
2020-03-04,1890,300.875
2020-03-05,1891,301.177490234375
2020-03-06,1892,301.50250244140625
2020-03-07,1893,301.2024841308594
2020-03-08,1894,300.87750244140625
2020-03-09,1895,300.72747802734375
2020-03-10,1896,300.4749755859375
2020-03-11,1897,301.052490234375
2020-03-12,1898,301.10498046875
2020-03-13,1899,302.0299987792969
2020-03-14,1900,301.55499267578125
2020-03-15,1901,300.625
2020-03-16,1902,300.7550048828125
2020-03-17,1903,300.8299865722656
2020-03-18,1904,300.3274841308594
2020-03-19,1905,300.5774841308594
2020-03-20,1906,300.3274841308594
2020-03-21,1907,301.3249816894531
2020-03-22,1908,300.7774658203125
2020-03-23,1909,300.1524963378906
2020-03-24,1910,300.37750244140625
2020-03-25,1911,300.37750244140625
2020-03-26,1912,300.8249816894531
2020-03-27,1913,300.7749938964844
2020-03-28,1914,301.802490234375
2020-03-29,1915,300.4499816894531
2020-03-30,1916,300.625
2020-03-31,1917,300.54998779296875
2020-04-01,1918,300.85247802734375
2020-04-02,1919,301.17498779296875
2020-04-03,1920,301.5775146484375
2020-04-04,1921,301.2799987792969
2020-04-05,1922,301.30499267578125
2020-04-06,1923,301.42999267578125
2020-04-07,1924,301.10247802734375
2020-04-08,1925,301.70501708984375
2020-04-09,1926,300.70001220703125
2020-04-10,1927,300.9525146484375
2020-04-11,1928,301.5299987792969
2020-04-12,1929,301.8299865722656
2020-04-13,1930,300.37750244140625
2020-04-14,1931,300.1025085449219
2020-04-15,1932,300.427490234375
2020-04-16,1933,299.3999938964844
2020-04-17,1934,301.07501220703125
2020-04-18,1935,302.20001220703125
2020-04-19,1936,301.9775085449219
2020-04-20,1937,299.7024841308594
2020-04-21,1938,300.0
2020-04-22,1939,299.927490234375
2020-04-23,1940,299.9800109863281
2020-04-24,1941,301.72998046875
2020-04-25,1942,302.5299987792969
2020-04-26,1943,301.3274841308594
2020-04-27,1944,301.552490234375
2020-04-28,1945,301.3324890136719
2020-04-29,1946,300.4750061035156
2020-04-30,1947,300.57501220703125
2020-05-01,1948,300.0
2020-05-02,1949,300.2250061035156
2020-05-03,1950,300.70001220703125
2020-05-04,1951,300.5250244140625
2020-05-05,1952,300.2249755859375
2020-05-06,1953,300.75
2020-05-07,1954,301.6500244140625
2020-05-08,1955,301.4000244140625
2020-05-09,1956,301.5250244140625
2020-05-10,1957,301.54998779296875
2020-05-11,1958,300.5
2020-05-12,1959,299.9499816894531
2020-05-13,1960,301.0
2020-05-14,1961,301.7749938964844
2020-05-15,1962,301.70001220703125
2020-05-16,1963,301.375
2020-05-17,1964,302.20001220703125
2020-05-18,1965,301.92498779296875
2020-05-19,1966,302.0250244140625
2020-05-20,1967,301.625
2020-05-21,1968,300.45001220703125
2020-05-22,1969,300.4750061035156
2020-05-23,1970,301.3499755859375
2020-05-24,1971,301.02496337890625
2020-05-25,1972,301.95001220703125
2020-05-26,1973,301.57501220703125
2020-05-27,1974,300.6499938964844
2020-05-28,1975,300.25
2020-05-29,1976,299.6500244140625
2020-05-30,1977,299.1000061035156
2020-05-31,1978,299.7749938964844
2020-06-01,1979,300.4750061035156
2020-06-02,1980,300.2250061035156
2020-06-03,1981,299.82501220703125
2020-06-04,1982,299.625
2020-06-05,1983,299.5250244140625
2020-06-06,1984,299.5250244140625
2020-06-07,1985,301.07501220703125
2020-06-08,1986,300.625
2020-06-09,1987,300.1000061035156
2020-06-10,1988,299.875
2020-06-11,1989,299.4000244140625
2020-06-12,1990,300.1499938964844
2020-06-13,1991,299.57501220703125
2020-06-14,1992,299.5749816894531
2020-06-15,1993,299.82501220703125
2020-06-16,1994,299.875
2020-06-17,1995,299.17498779296875
2020-06-18,1996,299.1750183105469
2020-06-19,1997,298.8249816894531
2020-06-20,1998,298.54998779296875
2020-06-21,1999,299.0
2020-06-22,2000,299.82501220703125
2020-06-23,2001,300.625
2020-06-24,2002,300.8999938964844
2020-06-25,2003,301.5
2020-06-26,2004,301.57501220703125
2020-06-27,2005,301.92498779296875
2020-06-28,2006,301.625
2020-06-29,2007,301.6000061035156
2020-06-30,2008,300.82501220703125
2020-07-01,2009,300.67498779296875
2020-07-02,2010,301.75
2020-07-03,2011,300.8999938964844
2020-07-04,2012,300.8999938964844
2020-07-05,2013,301.2749938964844
2020-07-06,2014,301.125
2020-07-07,2015,301.07501220703125
2020-07-08,2016,302.70001220703125
2020-07-09,2017,302.6000061035156
2020-07-10,2018,301.7250061035156
2020-07-11,2019,299.7249755859375
2020-07-12,2020,299.125
2020-07-13,2021,300.32501220703125
2020-07-14,2022,300.29998779296875
2020-07-15,2023,300.5249938964844
2020-07-16,2024,299.875
2020-07-17,2025,299.95001220703125
2020-07-18,2026,300.5249938964844
2020-07-19,2027,300.70001220703125
2020-07-20,2028,300.95001220703125
2020-07-21,2029,301.0
2020-07-22,2030,300.25
2020-07-23,2031,300.82501220703125
2020-07-24,2032,301.2250061035156
2020-07-25,2033,300.04998779296875
2020-07-26,2034,301.42498779296875
2020-07-27,2035,301.4750061035156
2020-07-28,2036,300.8249816894531
2020-07-29,2037,299.9250183105469
2020-07-30,2038,299.9750061035156
2020-07-31,2039,300.625
2020-08-01,2040,299.6750183105469
2020-08-02,2041,299.3999938964844
2020-08-03,2042,300.6000061035156
2020-08-04,2043,300.25
2020-08-05,2044,300.70001220703125
2020-08-06,2045,301.0500183105469
2020-08-07,2046,301.82501220703125
2020-08-08,2047,300.79998779296875
2020-08-09,2048,300.1000061035156
2020-08-10,2049,301.17498779296875
2020-08-11,2050,300.9750061035156
2020-08-12,2051,300.95001220703125
2020-08-13,2052,300.1499938964844
2020-08-14,2053,300.1000061035156
2020-08-15,2054,300.4250183105469
2020-08-16,2055,300.70001220703125
2020-08-17,2056,300.54998779296875
2020-08-18,2057,300.95001220703125
2020-08-19,2058,301.57501220703125
2020-08-20,2059,300.95001220703125
2020-08-21,2060,300.5
2020-08-22,2061,301.1000061035156
2020-08-23,2062,301.1000061035156
2020-08-24,2063,301.0
2020-08-25,2064,301.17498779296875
2020-08-26,2065,300.625
2020-08-27,2066,300.8500061035156
2020-08-28,2067,300.8999938964844
2020-08-29,2068,301.95001220703125
2020-08-30,2069,301.25
2020-08-31,2070,301.0
2020-09-01,2071,300.20001220703125
2020-09-02,2072,299.9749755859375
2020-09-03,2073,301.17498779296875
2020-09-04,2074,301.2750244140625
2020-09-05,2075,301.1750183105469
2020-09-06,2076,300.82501220703125
2020-09-07,2077,300.7749938964844
2020-09-08,2078,300.875
2020-09-09,2079,300.54998779296875
2020-09-10,2080,300.25
2020-09-11,2081,300.625
2020-09-12,2082,301.125
2020-09-13,2083,302.54998779296875
2020-09-14,2084,302.3500061035156
2020-09-15,2085,302.125
2020-09-16,2086,301.875
2020-09-17,2087,301.32501220703125
2020-09-18,2088,301.17498779296875
2020-09-19,2089,301.4750061035156
2020-09-20,2090,301.32501220703125
2020-09-21,2091,300.875
2020-09-22,2092,299.7250061035156
2020-09-23,2093,299.1499938964844
2020-09-24,2094,300.625
2020-09-25,2095,301.0
2020-09-26,2096,301.0500183105469
2020-09-27,2097,300.75
2020-09-28,2098,300.92498779296875
2020-09-29,2099,300.5
2020-09-30,2100,301.20001220703125
2020-10-01,2101,300.2250061035156
2020-10-02,2102,299.3499755859375
2020-10-03,2103,300.07501220703125
2020-10-04,2104,300.8500061035156
2020-10-05,2105,299.875
2020-10-06,2106,300.9000244140625
2020-10-07,2107,300.82501220703125
2020-10-08,2108,301.04998779296875
2020-10-09,2109,301.2249755859375
2020-10-10,2110,300.875
2020-10-11,2111,300.5249938964844
2020-10-12,2112,301.3500061035156
2020-10-13,2113,300.4750061035156
2020-10-14,2114,299.8000183105469
2020-10-15,2115,301.45001220703125
2020-10-16,2116,301.04998779296875
2020-10-17,2117,300.3500061035156
2020-10-18,2118,299.32501220703125
2020-10-19,2119,299.17498779296875
2020-10-20,2120,300.625
2020-10-21,2121,300.8499755859375
2020-10-22,2122,300.8500061035156
2020-10-23,2123,300.625
2020-10-24,2124,300.70001220703125
2020-10-25,2125,301.04998779296875
2020-10-26,2126,301.0249938964844
2020-10-27,2127,301.57501220703125
2020-10-28,2128,301.7749938964844
2020-10-29,2129,301.2749938964844
2020-10-30,2130,301.42498779296875
